Elevation,Aspect,Slope,Horizontal_Distance_To_Hydrology,Vertical_Distance_To_Hydrology,Horizontal_Distance_To_Roadways,Hillshade_9am,Hillshade_Noon,Hillshade_3pm,Horizontal_Distance_To_Fire_Points,Wilderness_Area,Soil_Type
3123,99,17,258,71,940,246,214,90,1676,1,29
3064,116,11,258,57,1560,240,229,118,1208,3,32
2769,36,10,67,5,3013,219,217,132,5610,1,12
3157,276,14,691,111,6115,181,242,200,1556,1,30
3241,107,9,339,36,3238,236,229,124,4591,1,39
2477,329,24,492,265,999,156,204,184,794,4,6
2912,291,4,60,0,4351,208,239,169,2538,1,29
2943,207,25,150,-23,2145,194,253,182,1953,3,33
3020,297,8,319,-5,1848,196,238,181,1627,3,31
2716,209,12,277,136,2695,211,251,173,1213,3,4
3289,120,9,0,0,1396,236,232,127,3481,2,23
2900,263,25,420,-36,3439,149,242,227,1448,3,13
3172,256,9,42,2,3926,199,246,185,1994,3,23
3275,94,13,301,1,966,240,220,107,3271,2,32
3304,282,12,690,109,741,188,241,193,892,3,32
3278,352,14,1140,261,2036,194,214,158,2069,3,39
3098,24,20,228,70,972,205,193,118,1377,3,24
3015,327,15,212,57,2164,183,223,178,1121,1,29
2918,287,13,277,37,1209,183,239,196,1806,1,29
2901,34,9,741,74,2233,219,221,137,1113,3,11
2989,345,21,150,59,642,175,203,163,2518,1,29
3339,82,30,240,-9,2296,245,173,36,4484,2,39
3037,27,11,212,6,1265,215,217,137,1723,3,32
2624,328,3,0,0,658,212,236,162,1341,3,23
2677,325,13,30,10,1167,187,225,178,1816,1,30
2828,60,7,240,28,1710,225,226,135,2617,3,26
2972,20,8,255,7,3247,215,224,145,6488,1,20
2928,72,2,216,28,4165,222,234,149,3991,1,29
3259,255,18,324,44,3153,175,248,209,1153,3,32
3122,346,10,335,46,2021,201,225,162,2431,3,32
3366,40,12,240,24,1822,221,213,125,4973,2,22
2825,145,15,30,5,2295,239,237,123,2797,1,30
2928,52,19,297,105,362,226,195,95,404,3,33
3262,126,28,446,144,3438,253,208,62,446,3,39
2781,82,5,30,1,808,227,231,138,2906,3,31
2618,84,14,268,50,1252,239,216,105,1437,3,11
2715,262,7,67,4,1784,204,244,179,4306,1,12
3375,315,3,418,36,1320,212,237,163,2330,3,32
3168,189,18,721,75,295,218,251,160,2650,3,23
3055,229,22,488,84,1294,182,254,202,655,3,13
3080,186,10,240,30,376,222,247,158,1248,3,22
3187,19,16,384,110,4056,206,203,131,603,3,24
2759,86,8,124,21,484,232,227,129,2610,3,31
2675,352,15,85,27,918,193,213,158,1871,1,29
3185,315,19,400,97,335,168,222,193,1172,2,22
2881,96,7,309,29,3046,232,230,131,2571,1,12
3151,143,19,182,6,2315,244,232,109,1535,3,27
2681,151,6,0,0,2366,228,240,145,4709,1,20
2916,287,19,295,-14,2080,162,235,211,1317,3,31
2695,332,5,108,-2,1590,209,234,163,781,1,12
3196,30,13,418,78,2848,216,211,129,977,3,22
2879,31,15,242,43,2322,215,207,125,1282,3,24
2522,129,10,127,21,1385,237,234,126,4606,1,18
2983,273,13,234,7,5877,185,243,197,1917,1,23
2612,302,9,350,141,541,194,236,181,454,3,2
2666,25,9,242,21,3305,216,221,141,3019,3,11
3215,219,6,466,56,721,213,246,169,360,3,23
2935,239,17,134,60,1392,188,252,199,865,3,33
3522,113,6,342,88,2818,231,234,136,1953,1,40
3068,294,16,42,3,3650,173,234,201,1101,3,22
2942,3,13,228,33,1461,202,215,149,726,3,31
3166,28,9,175,3,1776,217,220,138,713,3,31
2958,65,8,30,0,4626,228,224,130,2430,1,23
2898,79,11,600,87,1856,235,220,115,2884,3,23
2410,146,19,42,17,755,242,234,113,1115,3,3
2797,49,5,618,67,2784,222,228,141,1727,3,32
3071,232,9,642,-55,2385,206,248,179,1414,3,23
3067,153,14,350,33,6567,236,240,132,3146,1,29
2708,250,6,192,37,1276,208,244,174,3097,1,12
2372,42,19,124,18,872,219,195,104,990,4,10
2989,338,31,153,79,1802,137,179,171,2713,3,33
3121,45,8,30,3,3791,222,223,136,30,3,23
2764,26,12,0,0,927,214,214,134,488,3,31
2725,22,17,324,44,3371,207,201,126,2962,3,10
2912,343,19,175,47,666,179,208,166,1705,3,24
3049,146,7,371,80,5408,230,239,142,892,1,29
3283,359,10,201,44,3480,205,221,154,2436,3,31
2736,40,22,283,112,721,216,185,95,1026,3,33
2423,333,17,300,138,379,180,216,175,967,4,11
3139,32,9,85,7,534,218,221,138,5355,2,22
3350,54,18,824,19,3241,227,200,100,916,3,40
2985,26,7,309,55,1060,217,225,144,2195,1,29
3034,80,16,67,16,4352,240,210,95,2671,1,29
2677,69,11,360,65,876,232,218,116,1208,1,12
3172,143,14,350,36,4716,240,236,122,2167,1,29
3272,261,10,256,77,4930,195,246,189,1101,1,29
3419,67,14,90,10,1803,233,211,106,3359,2,35
2827,354,14,247,31,1961,196,214,156,2804,1,12
3370,189,12,648,164,1471,220,249,160,1772,3,32
2671,297,30,175,87,1374,123,214,224,960,3,33
3298,264,16,153,74,1320,179,246,205,2489,1,40
3098,171,8,268,49,4948,226,244,151,153,1,29
3041,349,15,277,58,2630,192,214,160,2513,3,31
3031,37,9,541,0,6366,220,220,135,3807,1,29
2936,107,17,258,63,1776,247,217,92,1276,1,29
3159,328,14,576,132,4544,185,222,177,2030,1,29
3097,266,7,67,5,5462,203,243,179,2948,1,23
3088,135,12,390,-94,1800,239,235,124,1355,1,29
3151,38,18,268,14,1465,217,197,110,90,1,22
3099,342,2,242,34,2321,216,236,158,2162,3,32
3151,294,20,362,55,1626,158,230,210,2532,3,33
3056,227,11,150,19,3092,204,251,183,1687,3,13
3203,323,18,295,12,3945,172,218,185,1622,3,22
3283,63,19,376,84,1026,233,199,91,1777,2,38
2926,174,2,95,1,1015,220,240,156,2240,1,23
2763,48,16,190,53,1248,225,202,107,1571,3,10
2917,56,23,426,138,3217,228,184,78,808,3,10
2141,18,30,218,-39,722,182,163,103,671,4,10
3217,95,20,655,171,582,247,207,80,1873,1,22
2828,79,10,480,44,1812,233,223,121,1239,1,12
3154,81,7,30,0,4147,230,227,129,3420,3,22
3267,282,10,503,42,696,193,241,188,1511,2,23
2967,312,41,295,171,870,83,175,215,1304,3,33
2913,28,17,541,64,2632,211,201,122,1978,1,29
3187,210,14,95,-26,2330,208,252,177,2952,1,29
3299,201,21,120,39,2422,207,253,173,633,3,39
2732,21,12,408,54,2447,212,213,137,1746,3,32
3172,247,7,242,45,5796,205,246,179,2581,1,22
2970,45,10,216,31,1667,223,217,128,2550,3,23
2950,18,24,42,10,430,194,183,117,1621,3,24
3350,105,18,150,31,2259,248,215,89,977,3,39
2867,151,27,42,20,5368,242,227,96,576,1,30
2529,154,14,120,24,953,236,240,130,1527,3,4
2579,47,9,212,28,812,223,220,131,5327,1,18
3086,101,14,30,-10,3013,242,221,106,979,3,23
2562,133,11,30,4,1170,238,235,126,576,1,30
3059,9,6,85,-4,3681,214,228,152,1784,1,29
3018,76,26,591,66,443,241,181,54,890,3,33
2624,82,10,95,-2,1570,235,222,118,391,3,11
3228,163,10,175,25,3260,230,243,145,1239,3,32
2571,84,15,95,8,1084,240,213,100,1240,3,11
3246,111,24,630,92,1215,253,206,66,2359,1,39
3331,12,8,755,36,789,212,224,149,1385,3,32
2315,306,23,30,15,446,152,220,206,1622,4,10
2899,350,10,67,11,3013,202,224,159,2220,3,22
3284,261,9,513,181,4294,199,245,185,1250,1,29
3178,84,11,569,132,376,235,222,117,1532,1,22
2772,299,7,319,31,4023,200,237,177,1860,3,26
3020,152,19,1064,222,2750,240,236,117,1184,3,34
3058,126,20,90,4,892,249,222,91,1477,3,32
3139,47,12,474,71,5314,224,214,123,1667,1,29
2498,20,13,42,2,1652,211,212,136,911,3,10
3271,270,9,853,161,1570,198,243,185,2630,3,31
2919,319,4,0,0,5698,208,235,166,1332,1,29
3385,319,9,430,90,1259,198,232,174,2992,3,40
2540,66,16,175,28,295,234,207,101,1399,1,12
2703,69,12,210,38,2608,232,217,115,845,3,10
3151,41,9,180,3,5432,221,221,134,2296,1,29
3297,225,5,0,0,1358,213,245,169,1477,3,38
3303,63,3,242,79,1320,222,233,146,2422,1,40
2649,41,10,350,34,1822,221,218,131,2107,3,2
2856,216,22,60,22,691,193,254,189,552,3,23
3110,88,18,324,53,3596,244,208,88,768,1,29
3145,90,11,127,9,3783,237,222,114,180,3,33
3182,221,5,365,62,5902,214,244,167,2970,1,19
2897,64,18,626,118,1176,233,200,92,2574,3,11
2952,180,23,60,7,5916,221,247,145,3827,1,30
3088,135,13,67,12,4525,240,234,121,1099,1,29
3222,342,15,342,71,2910,187,215,167,626,3,24
3129,329,4,201,14,1221,210,235,163,2030,1,23
2432,154,15,0,0,1776,237,240,129,201,3,16
2814,72,13,30,-6,1667,235,214,109,1798,3,17
2609,38,12,134,9,1101,220,214,127,1652,3,11
3067,190,9,212,-18,2070,220,248,161,3805,1,23
2867,87,15,153,20,3865,241,215,100,6252,1,12
2893,74,8,67,4,1589,230,226,129,2045,1,29
3278,294,9,60,8,1523,196,238,182,1395,3,32
3119,47,18,379,121,4868,223,198,103,2347,1,29
2744,56,14,582,144,1575,228,209,111,2331,1,12
2967,72,18,108,15,390,238,202,88,313,3,33
3160,253,23,499,94,5992,163,248,219,1889,1,30
3294,0,11,469,104,2737,203,219,153,2315,3,24
3130,334,8,283,17,1061,202,229,167,1624,2,24
2690,52,19,150,55,849,226,195,95,1168,3,33
3130,313,8,218,15,1234,199,234,175,2049,1,23
3364,176,9,942,162,3047,225,245,153,1092,3,38
2884,56,25,190,81,201,227,180,72,474,1,29
2602,12,18,240,51,1538,198,200,135,1608,3,10
2588,228,26,309,-11,660,172,253,207,1300,3,4
2909,256,4,270,13,5622,210,242,170,6360,1,16
3504,51,19,792,289,2370,225,195,96,1640,1,40
2733,48,7,509,-21,1460,223,224,136,1503,1,29
3305,199,17,192,48,3503,212,252,170,481,3,31
3120,354,21,268,83,2343,180,197,152,1182,3,32
2938,329,24,361,171,510,156,204,184,1200,3,33
2938,46,17,492,133,2742,223,201,107,1531,3,10
3183,35,15,466,38,997,217,206,121,2589,2,23
3225,314,16,150,14,1129,175,226,190,2552,3,23
3132,165,7,120,3,4235,226,242,150,1622,1,22
2629,97,14,469,47,1355,242,219,104,4103,1,29
3132,345,11,0,0,2969,198,222,163,5399,1,29
3282,260,27,120,58,1381,145,243,229,2551,1,39
2813,104,20,277,68,3087,249,210,80,1455,3,10
3265,258,14,570,122,4454,186,248,200,1015,1,29
3422,46,25,60,-3,3293,218,178,81,2438,1,37
2926,236,10,295,26,5408,202,249,184,4771,1,29
2981,146,12,190,-12,4786,237,238,130,3085,1,30
3363,169,14,210,51,1556,230,245,144,3021,1,38
2780,174,12,134,27,3065,227,246,150,2825,1,30
3083,12,18,690,159,4049,200,202,135,2462,1,29
2831,125,19,649,53,2151,248,223,95,1776,3,13
3164,154,16,306,59,934,238,239,126,1965,1,29
3557,119,26,904,272,2461,253,207,63,1209,1,40
3311,37,14,277,104,2110,219,209,123,2016,3,33
3080,172,18,192,30,5974,229,245,141,2259,1,29
3068,49,16,0,0,1371,225,205,110,918,1,23
3262,44,16,42,0,2523,222,204,112,1635,3,24
2919,42,15,150,38,4241,221,207,117,2916,1,30
2923,41,20,450,145,1879,218,193,101,2101,3,33
3301,265,6,30,2,1329,205,243,176,1536,3,38
3142,123,20,127,37,1031,250,220,88,2148,1,29
3001,45,1,589,82,5202,219,236,154,5421,1,12
2658,230,27,256,40,3034,169,252,210,1900,3,13
3031,19,16,384,49,2876,206,203,131,684,3,32
3113,241,13,60,3,1542,194,250,193,2310,3,33
2978,42,18,0,0,255,220,199,108,1354,3,24
2622,167,3,150,10,750,222,240,154,1022,1,12
3318,345,19,631,83,3195,180,207,164,3514,3,40
2829,192,19,180,39,4326,215,251,162,5083,1,30
3064,97,20,297,76,4275,248,206,77,2526,1,29
3151,253,11,120,29,124,196,247,189,3060,3,23
3004,14,9,781,78,5532,212,222,147,6191,1,29
2521,154,18,90,12,1034,239,238,122,1634,3,4
3124,133,16,201,25,108,244,230,109,4161,2,22
3047,117,6,90,0,3779,231,234,136,339,1,23
3225,106,15,90,-17,2455,245,220,99,3951,2,23
3009,314,29,234,83,1931,129,202,206,1641,3,33
2906,1,23,42,9,324,180,190,142,2236,1,29
3220,112,7,582,72,5842,232,233,133,1559,1,29
2628,340,28,95,45,942,149,187,169,2308,1,29
2778,95,13,330,17,1489,241,220,106,1064,3,11
2251,312,34,272,3,1008,110,193,213,902,4,10
2862,316,20,153,19,1434,163,219,194,1237,3,33
3255,288,9,67,12,4836,195,239,184,2833,3,32
2353,359,12,210,70,1293,202,218,153,1033,4,11
2456,338,13,283,5,955,192,222,168,983,4,6
2938,198,2,258,21,3744,218,241,159,4669,1,12
2958,128,16,300,69,1620,245,228,108,1879,3,31
3265,169,10,228,25,3320,228,244,148,1282,3,32
3361,220,26,785,139,3515,180,253,198,2567,1,39
2551,30,23,120,33,2435,207,184,104,677,3,10
2984,355,15,212,25,216,194,212,155,560,3,31
2765,111,7,85,6,932,233,232,131,2357,3,11
2751,55,16,90,19,2483,228,205,106,4152,1,12
2755,29,12,150,42,2911,216,213,131,6396,1,29
2811,75,22,371,155,390,241,194,74,1681,1,30
3207,107,13,360,53,3141,242,224,109,994,3,32
3133,78,30,713,28,842,242,169,35,1813,1,30
2628,187,6,382,197,1958,221,244,158,524,3,2
2346,46,15,283,168,955,223,206,112,1370,4,1
2955,67,22,30,-9,4652,236,191,76,2457,1,29
2905,246,19,421,119,2160,177,251,209,1935,3,33
2570,238,9,376,91,2363,204,248,181,474,3,2
2827,40,7,0,0,408,221,224,138,285,3,23
3109,99,21,85,26,878,249,205,73,1020,1,30
2850,59,8,256,92,3598,227,223,130,5923,1,12
3044,129,7,190,17,6517,231,236,137,2971,1,29
2063,240,14,0,0,577,192,251,195,808,4,6
2985,259,13,811,89,5989,188,247,197,5791,1,29
2809,255,7,258,18,2274,205,244,178,2171,1,12
3184,104,6,60,2,4209,230,233,136,768,3,23
2654,51,6,150,3,1328,223,227,139,6127,1,12
1960,86,7,0,0,30,231,228,130,153,4,1
3184,352,13,60,9,4163,196,217,158,2014,3,22
2763,42,6,480,4,1672,221,227,141,765,1,23
2592,18,19,300,103,2073,201,196,126,642,3,10
2910,28,8,313,2,3357,217,223,141,3937,1,12
3008,0,0,934,99,5803,218,238,156,5653,1,20
3172,138,12,42,10,5200,239,236,125,1110,1,29
3114,331,6,618,-71,892,205,232,166,1087,2,23
2988,229,16,342,79,5263,194,253,193,1339,1,30
3229,11,14,313,30,421,204,210,141,1266,2,23
3085,134,13,134,16,1273,240,233,120,3363,3,33
2635,112,9,60,3,170,235,231,127,646,1,30
3041,57,16,175,33,4026,229,206,105,2581,1,29
2437,286,27,256,157,256,134,227,228,1679,4,10
3213,67,14,685,-10,1113,233,211,106,1973,1,29
2489,322,3,0,0,1237,212,236,162,1357,3,17
3037,121,4,190,55,6254,227,236,144,3399,1,30
3004,349,4,484,170,5502,213,233,158,5091,1,12
3120,124,11,210,-8,1020,238,232,124,1782,1,22
2706,143,36,90,39,3064,244,206,57,6240,1,30
2964,17,11,366,11,819,211,218,142,1974,1,29
3019,92,6,242,39,2539,230,230,133,474,1,29
2767,241,34,150,58,2292,135,243,229,755,3,13
3161,343,6,60,6,4981,207,230,162,2704,1,23
3183,68,10,781,78,1001,231,220,121,1846,1,29
3219,217,12,400,60,450,206,252,180,1921,2,23
2998,167,20,60,-2,6346,232,243,133,3400,1,30
2777,5,3,216,26,859,216,234,155,1963,3,11
3052,33,5,201,6,3127,219,229,147,395,1,22
3309,180,9,420,83,1034,224,246,155,960,3,32
2741,175,10,108,19,992,226,246,151,474,3,2
2863,230,30,268,17,832,159,250,214,541,3,13
2818,34,3,175,24,2026,219,232,149,2898,1,12
3086,40,7,150,2,3515,221,224,138,1332,1,29
3280,333,26,255,59,2151,153,198,179,3089,1,39
2529,89,13,255,43,430,239,219,108,1282,3,2
2898,107,17,134,18,2430,247,217,92,534,3,13
2871,300,25,339,81,2244,144,221,214,513,3,33
2934,28,19,484,121,2761,209,194,115,1573,3,10
2894,25,15,150,54,484,211,205,127,247,3,31
2958,55,9,30,5,3663,226,221,128,1706,1,23
2389,124,28,108,48,342,253,206,59,815,3,4
2804,9,12,360,49,1797,206,216,146,1149,3,10
2989,354,4,108,6,1804,212,232,157,3529,1,23
2572,110,15,60,8,934,245,221,101,342,1,29
2875,195,24,541,43,792,207,251,166,1698,3,4
3126,63,8,0,0,5310,227,224,131,2139,1,23
2969,51,25,324,99,1878,223,176,73,3026,3,32
2831,113,17,124,40,1485,247,221,96,1864,3,11
2622,31,20,270,71,1599,210,192,111,1618,3,10
3100,3,4,85,1,4535,214,232,155,3254,1,22
3223,72,5,268,16,4822,226,230,138,2145,1,22
2894,206,23,95,12,1020,199,254,179,1898,3,33
2887,115,21,824,157,2942,251,215,82,1677,3,10
3137,140,14,90,1,1138,240,235,121,2376,1,29
2886,253,11,313,54,997,196,247,189,1798,3,11
2649,230,32,120,-62,768,156,249,215,799,3,3
2903,72,11,518,147,1442,233,218,116,1652,3,32
2802,334,21,85,7,1595,169,208,176,1732,3,13
2643,264,35,382,160,953,115,232,242,1650,3,28
2743,151,14,30,-3,1440,237,239,128,1445,3,4
2930,6,9,170,17,3690,209,222,151,4380,1,12
2890,11,1,242,10,3807,217,236,156,3600,1,29
2834,7,11,201,36,3827,207,218,148,5497,1,29
3238,139,5,272,84,1456,228,238,144,1980,1,29
3178,186,12,816,-40,870,222,248,158,2047,3,33
3445,82,2,582,50,2591,221,236,151,1660,3,38
3084,51,3,247,25,1237,221,232,148,1443,2,23
2921,4,12,553,44,573,204,218,150,1025,3,31
3113,93,20,85,20,4140,247,205,78,2912,1,29
2789,302,16,90,28,1959,173,231,197,3228,1,30
2298,15,9,180,65,1440,212,221,146,671,4,2
2884,216,29,150,58,2367,179,252,195,2028,3,13
3087,151,12,153,18,1231,235,240,134,3342,3,33
3181,185,8,30,0,3207,222,246,158,1233,3,23
3027,212,15,335,16,5791,206,253,179,2230,1,29
2848,337,8,30,-7,2662,203,229,165,2424,1,23
3135,354,7,335,-42,745,209,228,157,1073,2,22
3244,184,15,180,26,2877,223,249,155,2432,1,29
2994,289,16,42,11,2340,172,236,204,1114,3,20
3207,67,22,42,13,2043,235,191,76,2278,1,29
3278,199,11,309,54,3379,216,250,167,1924,1,29
2602,223,23,234,90,900,184,254,199,1575,3,4
3004,159,14,30,-12,888,234,242,135,819,3,23
2978,180,31,481,41,3631,214,241,136,1296,3,13
3070,202,8,67,-2,1231,217,247,165,1146,1,22
2505,140,12,382,151,553,237,236,128,932,3,3
3185,211,8,95,26,4964,213,248,170,1230,1,29
3162,184,4,268,39,3211,220,242,157,3100,1,29
3288,165,5,210,-2,1651,224,241,152,3238,2,38
2261,116,38,342,-28,560,253,176,14,474,4,1
2439,188,25,85,30,1324,213,248,154,865,3,4
2497,63,13,182,11,300,231,214,113,1207,3,10
2928,83,10,379,21,3463,234,223,120,4547,1,12
2628,108,7,162,22,1784,232,232,133,984,3,11
2302,196,24,297,121,1207,207,251,166,1132,4,3
3020,9,8,255,22,3721,211,224,150,2174,1,29
2908,87,5,285,28,3772,227,231,138,3963,1,12
2974,80,23,150,24,2940,243,192,67,1222,3,33
3021,111,16,277,69,4004,246,221,98,2343,1,29
2510,324,14,192,41,150,183,224,180,424,4,6
2983,270,5,808,171,1131,207,241,173,2239,3,32
3428,231,19,514,-24,1613,187,254,199,3783,2,33
2940,270,28,824,561,900,135,236,233,2142,3,28
3253,54,14,277,63,5572,228,209,111,1208,1,29
2926,72,18,90,6,1865,237,202,89,2307,3,32
3016,359,30,335,11,2293,161,170,135,2955,3,31
3388,84,15,90,29,3515,240,212,98,2533,1,37
3377,286,23,295,84,2277,149,232,220,2315,3,33
2940,113,18,150,43,3789,248,219,94,5184,1,30
2267,264,26,42,12,510,145,241,229,1731,4,4
2647,84,13,0,0,2541,238,217,107,1100,3,20
2961,280,20,134,24,5703,160,237,215,1855,1,29
3231,135,10,324,26,3282,236,236,131,4589,1,39
3126,249,8,162,14,3583,203,246,182,1055,1,29
2995,165,3,417,10,5152,222,240,154,5355,1,12
2652,306,2,446,99,696,213,238,162,1167,3,2
3064,75,13,30,0,4245,235,216,110,2753,1,29
2710,3,23,510,208,939,182,188,138,677,3,33
3007,164,17,731,120,2912,233,243,135,1880,3,33
3037,171,5,339,53,3103,223,242,154,540,3,32
2769,310,8,283,34,1490,197,234,177,2405,1,29
3279,135,6,295,-11,1543,229,237,142,3260,2,38
3037,27,11,150,18,1025,215,217,137,175,3,24
2718,51,10,150,41,150,225,219,127,2007,1,29
3030,358,8,404,51,5281,208,226,155,1110,1,29
3016,28,14,283,86,2135,214,210,129,2296,3,32
2258,210,7,0,0,1673,215,246,167,937,4,17
3230,34,5,60,-9,764,219,228,146,1054,2,19
2943,300,11,60,10,2534,188,235,188,636,3,33
3102,1,18,190,-5,1359,191,203,147,366,3,24
2778,115,7,256,19,1930,232,233,134,953,1,12
3134,28,15,212,58,1142,213,207,127,899,1,22
3197,50,4,30,-1,4243,221,231,146,1722,1,23
3179,203,17,1040,88,4184,209,253,174,1203,3,33
2902,193,25,42,15,1206,209,250,162,569,3,33
2661,37,20,277,69,859,216,193,105,2958,1,29
3424,115,17,30,-9,3180,247,222,98,1077,3,35
2472,6,9,391,62,466,210,223,151,1055,4,10
2809,122,15,95,22,660,244,227,109,124,1,30
3082,31,11,150,9,1425,217,216,133,3042,3,31
2923,212,15,351,44,2550,206,253,179,2193,3,26
3265,119,22,319,107,1652,251,215,80,2738,1,30
2492,9,6,270,-12,841,214,228,152,4764,1,18
3060,63,14,228,39,3962,232,211,108,4133,1,29
2652,206,33,120,64,2845,180,248,180,1213,3,4
2307,310,30,162,97,942,124,203,212,671,4,5
3509,294,15,175,95,2958,177,235,198,1983,1,40
2958,139,17,85,22,1739,243,233,113,488,3,32
3136,68,3,467,92,4668,222,234,148,1889,1,20
2902,267,26,210,105,2568,145,240,229,1632,3,33
2696,312,36,85,62,2559,104,189,213,6751,1,29
3080,99,13,319,95,3690,241,221,108,2581,1,30
2716,62,5,277,27,268,224,230,142,957,3,11
3321,122,12,488,74,1337,241,230,117,2249,3,32
3188,115,14,134,15,4588,244,225,107,2001,1,23
3280,112,10,421,56,1290,238,229,121,2291,1,29
2494,22,8,228,32,268,215,224,145,1103,3,10
2578,105,13,382,147,404,241,224,110,201,3,2
2660,28,10,268,35,309,216,217,136,331,3,11
3312,126,15,511,116,350,244,229,111,400,2,32
2652,92,12,426,26,1692,239,221,110,2202,3,2
3141,212,8,30,4,765,214,247,170,2341,2,19
3011,211,23,255,105,2676,194,254,186,1699,3,33
3271,11,4,124,6,949,216,232,153,2278,1,38
3357,68,5,430,35,1031,225,230,139,2526,3,32
2838,45,3,552,219,524,220,232,149,792,3,32
2533,19,24,150,39,2252,194,181,114,685,3,10
2973,81,9,95,19,5163,233,224,123,2449,1,29
3044,61,17,150,36,5589,232,203,99,4482,1,29
3136,16,14,150,28,4189,207,209,137,1694,1,23
2321,269,25,150,51,990,146,239,228,258,4,6
3048,2,7,216,5,1575,210,226,154,2822,1,29
3188,297,34,270,192,700,108,207,229,2214,1,30
2929,40,8,551,10,4340,221,223,137,4518,1,29
3268,121,13,30,7,1253,241,229,116,1128,3,31
2620,79,17,67,11,1230,240,207,92,532,1,30
2890,333,11,400,39,2348,196,226,170,2557,1,29
3214,5,18,900,197,1943,194,201,142,2343,3,24
3094,274,11,240,15,1790,190,243,192,931,3,23
2838,128,14,42,9,2296,243,230,113,789,3,13
3413,91,14,646,256,1578,241,218,104,916,3,40
3095,306,13,30,4,3797,183,232,189,1064,3,22
2956,30,14,731,91,2310,215,208,126,1302,3,24
3083,273,5,480,-25,6391,207,241,173,2854,1,29
2873,222,19,497,252,716,192,254,193,1697,3,32
3081,319,9,90,17,2497,197,232,175,1973,3,32
2997,120,8,228,34,256,234,234,132,1230,1,22
3142,120,13,120,10,6447,241,229,115,2081,1,29
2452,20,12,60,8,306,211,213,137,1224,4,11
2589,97,10,0,0,1518,236,226,120,1140,3,2
2884,188,24,120,44,541,214,249,155,1188,3,13
3031,204,16,0,0,2538,210,253,173,1158,3,23
2957,332,11,60,9,420,193,225,172,934,2,22
2728,340,9,258,13,1194,201,227,165,1986,3,11
2584,105,7,408,129,446,232,232,133,242,3,2
3100,243,20,297,73,1140,177,252,208,2784,3,33
2906,331,14,42,10,836,186,222,175,2042,1,23
2933,153,1,450,57,3406,220,238,155,3701,1,12
3000,12,23,134,31,2353,190,188,128,1987,3,32
2873,171,6,67,-5,1442,225,243,153,2694,3,13
2916,46,20,360,69,457,222,192,97,1637,1,29
2941,135,3,0,0,1482,224,238,149,2363,3,20
3207,296,12,738,4,1489,185,236,191,1266,3,31
2166,253,35,180,82,1273,122,238,239,531,4,1
2673,36,13,60,4,1868,219,210,124,2359,3,17
2865,125,9,216,29,2964,236,234,128,2395,1,12
2989,107,22,175,53,3762,251,207,72,2724,1,29
2927,320,18,182,72,591,171,220,188,1756,3,24
3241,62,11,85,22,2613,230,216,118,2694,1,29
2667,30,22,295,11,1830,207,187,108,2163,3,24
2982,26,17,150,21,1231,210,201,123,1020,3,24
3212,33,10,636,60,930,218,219,136,2003,3,32
3023,152,8,618,113,2154,230,240,142,2506,3,32
2225,303,34,124,135,295,107,200,222,566,4,10
3075,179,17,256,21,2389,225,248,150,3315,3,33
2936,108,26,815,303,2601,253,200,58,1706,3,10
2662,48,17,277,15,765,224,202,106,1842,1,23
2934,262,19,218,81,3159,170,246,213,1762,3,4
3047,172,7,67,6,2465,225,244,152,3787,1,23
2726,346,21,0,0,1530,174,202,163,1699,3,13
3041,351,23,810,15,900,173,195,155,1385,3,24
3137,307,26,192,68,4280,139,214,211,1015,1,22
2611,66,13,162,1,864,232,214,111,706,1,9
3065,20,19,0,0,4924,204,197,125,2930,1,29
3204,6,9,811,84,2028,210,223,151,2349,3,31
2931,281,7,400,-44,1172,200,241,180,342,3,32
2965,130,11,162,13,4279,239,234,123,2002,1,30
3182,66,6,0,0,1566,227,227,135,1613,1,29
3285,52,17,594,184,3231,226,202,104,618,3,24
2992,94,7,443,104,2391,231,230,132,1702,3,32
3134,25,4,671,53,1760,218,231,150,2790,3,23
3136,20,21,300,60,726,201,191,120,1643,3,33
2712,170,25,242,103,1861,229,241,128,1358,3,4
3220,294,11,67,7,4294,189,237,189,499,3,24
2976,75,16,466,169,474,238,209,98,1024,1,29
3108,98,13,297,46,600,240,222,110,525,3,31
3127,259,11,247,43,5662,194,246,191,2718,1,30
2722,44,21,180,23,201,220,189,95,297,1,20
3162,315,8,134,14,4858,199,234,174,2599,1,29
3121,67,22,108,21,1482,236,192,77,1383,1,29
3207,32,9,42,-5,2373,218,220,137,2888,1,22
3398,132,12,752,159,2911,239,234,123,2255,3,39
2886,89,24,30,-12,1158,248,193,60,1543,3,33
3139,124,20,342,-74,1387,249,221,92,2234,1,23
2953,233,5,335,32,2131,212,244,170,2037,3,32
3227,333,11,350,79,771,195,226,170,1926,1,29
2916,28,20,277,17,660,208,192,114,124,3,33
2602,18,12,108,6,892,211,215,139,6154,1,29
2661,141,10,295,1,1218,236,237,131,459,1,23
2925,220,14,67,-3,1022,203,253,184,537,3,23
2799,15,17,127,23,2391,202,201,133,2916,1,29
2637,246,9,120,60,1358,201,247,184,1410,3,11
2926,9,8,350,43,4339,211,224,150,6421,1,12
2975,33,24,277,59,4855,207,180,97,3343,1,29
3217,307,18,745,14,1406,167,226,198,1441,3,33
3138,90,13,953,285,953,240,219,107,1592,1,29
3107,177,10,240,28,5171,225,246,153,1003,1,29
2914,132,18,67,22,3454,246,228,103,2781,1,29
2942,11,8,120,-12,3495,212,224,150,6360,1,20
3093,31,21,335,50,1146,209,189,107,2155,3,24
3044,10,4,256,1,1590,215,231,153,2823,1,29
3418,203,12,787,212,2112,214,250,170,1080,3,38
2735,283,9,570,111,1489,196,241,184,721,1,23
3020,68,5,201,12,2250,225,230,139,977,1,29
2741,348,16,124,28,1487,187,211,161,2794,1,29
2685,357,22,120,30,1900,181,195,148,1716,1,29
3375,142,20,351,218,1440,244,231,107,787,3,39
2822,129,22,60,-6,1583,249,221,89,1868,3,4
3041,129,12,720,155,5826,240,232,120,5326,1,12
3109,70,20,342,18,1922,237,198,83,1045,3,31
2589,30,9,376,21,1481,218,220,137,1728,3,11
3139,95,16,85,13,1184,244,214,94,2253,1,30
3362,280,23,558,14,600,150,235,222,1031,2,22
2863,135,16,42,9,4981,244,231,112,4434,1,29
3260,170,36,120,31,3982,219,229,109,3199,3,33
2043,330,20,30,4,488,168,211,180,624,4,14
3037,108,3,711,46,5704,225,236,146,5434,1,12
2392,87,22,85,30,702,246,197,68,1527,4,6
3013,186,9,430,-7,1430,222,247,159,1449,3,32
2938,268,6,0,0,2356,205,242,176,953,3,21
3212,61,12,175,29,3269,230,214,115,3059,3,24
3215,300,14,702,91,3477,181,234,193,1158,3,22
3021,182,9,313,23,5604,223,246,156,1836,1,23
2777,345,17,90,-20,85,185,212,164,765,1,30
3033,276,20,350,134,5348,161,240,216,745,1,29
2914,316,25,60,27,1776,146,210,199,2714,3,33
2991,270,8,391,75,5400,200,243,182,1708,1,29
2926,152,9,450,57,2584,232,240,140,2060,3,26
3186,207,13,295,90,3089,212,251,173,902,3,33
2482,21,19,190,54,932,204,196,123,1115,3,4
3220,240,14,582,154,6030,192,251,195,2112,1,30
3118,214,7,323,76,1570,214,247,169,553,3,13
3043,337,23,484,117,2106,164,202,173,1426,3,33
3090,59,10,256,42,1896,228,220,125,3491,3,24
2946,14,15,570,148,3150,205,208,137,787,3,10
2579,206,35,170,80,1560,177,246,180,365,3,4
2955,336,16,417,40,3189,183,217,172,1952,3,24
2873,172,10,30,-8,1080,227,245,150,1891,3,33
2439,306,16,258,120,297,174,229,195,446,4,10
3148,266,10,90,11,2167,195,245,188,782,3,32
3098,6,6,600,97,2049,212,227,153,2631,3,32
3521,276,7,258,107,2927,201,242,179,1935,1,40
3002,55,14,234,37,1284,228,210,112,1944,3,22
2528,72,8,150,0,577,230,224,127,771,1,23
2886,83,18,524,75,1775,242,206,87,2839,3,23
3202,340,6,175,-22,3985,208,232,162,1356,1,22
3416,346,13,930,77,1415,195,219,162,1693,3,38
3095,3,8,192,30,4105,209,225,153,2080,1,29
2850,48,7,153,4,1980,223,225,137,2656,3,26
3000,349,15,150,23,4413,192,214,160,270,1,29
2933,37,12,408,112,726,219,212,126,960,3,33
3822,8,13,1018,46,4538,205,214,145,2618,3,40
3100,116,27,216,70,2716,254,204,60,3064,1,29
3132,66,17,124,49,5063,234,202,94,1489,1,29
2170,318,36,85,58,1200,105,182,204,1036,4,10
2507,334,17,127,49,750,179,215,174,531,3,10
2191,299,23,90,20,1230,151,225,212,573,4,10
2777,74,7,532,60,741,229,227,132,2616,1,29
2928,73,15,301,64,3212,236,211,103,2384,1,12
2900,112,17,553,199,1952,247,220,96,1973,3,4
2936,201,24,120,23,2107,202,253,174,1996,3,33
3248,338,15,351,26,4572,186,217,170,782,3,32
3236,28,5,451,33,1851,218,230,148,1168,3,31
2707,123,12,190,46,2160,240,231,120,1691,1,30
2674,51,13,255,66,443,226,211,117,201,3,10
2722,167,6,180,6,2342,225,242,151,4445,1,12
2902,138,22,60,14,4852,247,227,97,234,1,30
3263,160,5,481,29,480,225,241,150,680,3,32
3470,149,11,666,185,2224,235,239,134,1423,1,40
2344,333,23,120,38,900,162,204,178,1063,4,10
3252,26,18,95,19,1856,209,199,122,1489,1,29
2793,117,28,90,42,2131,254,201,54,807,3,13
2562,240,30,395,-37,760,150,248,224,1205,3,2
2170,186,20,180,89,547,219,250,155,571,4,6
2996,58,14,324,58,2055,230,209,109,767,1,30
3391,223,10,1131,189,3055,207,250,178,1332,3,38
3232,270,10,162,18,1503,194,244,189,624,3,31
2707,70,5,216,18,1837,225,230,140,5828,1,12
3014,217,20,569,194,1368,195,254,189,323,3,13
2660,70,15,60,20,1148,235,209,101,2058,1,12
2778,339,14,170,36,2732,189,219,169,2646,1,29
3250,45,5,474,102,713,221,229,144,1872,1,23
3241,327,11,644,-33,2549,193,228,174,379,3,32
3077,40,11,646,161,4489,221,216,128,3598,1,29
2945,350,13,170,19,3602,196,218,160,6142,1,29
3037,247,9,30,4,1722,201,247,184,1323,3,23
3037,153,10,323,-62,661,232,241,139,1333,1,22
2561,47,8,331,56,1080,223,223,135,1524,3,11
3110,36,15,825,2,2060,218,207,121,3072,3,31
2267,304,33,90,68,1421,111,202,221,812,4,10
2826,208,21,361,125,711,200,254,181,1933,3,4
3080,96,19,210,-32,600,247,209,82,1571,1,29
2332,37,34,108,80,1401,198,146,60,1095,4,10
2313,352,33,301,123,1233,145,164,144,285,4,10
3060,149,6,696,26,6252,227,240,146,3453,1,29
3046,311,10,283,5,1381,194,233,179,2922,1,29
2992,302,3,430,18,1879,211,238,165,1231,3,32
2958,355,8,361,110,2403,207,226,157,1932,3,33
3253,95,17,150,0,1626,245,212,89,2719,1,22
3186,96,11,361,12,5139,238,224,115,2321,1,22
3089,86,14,153,-7,779,239,216,105,1652,1,23
2949,305,13,218,34,2912,184,233,189,1477,3,31
2821,101,7,309,33,3274,233,230,130,6502,1,30
2949,186,7,255,30,5341,222,246,158,3690,1,29
2735,218,29,201,111,604,175,252,198,1560,3,13
3256,100,13,812,140,2250,241,222,110,2476,3,33
3281,10,17,816,131,2400,200,204,138,2203,3,40
3214,177,12,283,29,2912,226,247,151,999,3,32
3410,358,38,247,132,4747,136,145,127,4084,3,39
3280,77,13,108,13,6068,236,216,110,488,1,38
2938,41,5,90,0,1746,221,229,144,182,3,32
2964,146,24,170,38,2533,245,228,98,1664,3,22
2900,48,18,85,19,175,224,198,102,108,3,33
2598,320,12,108,17,854,189,228,180,6164,1,29
2714,243,24,42,21,1126,166,251,216,2445,1,29
3457,322,13,750,259,912,187,227,179,1050,2,40
2326,40,7,277,128,937,221,224,138,774,4,6
2999,90,6,30,-10,1510,229,231,136,532,3,31
3168,316,15,201,21,2376,180,226,186,514,3,32
2495,302,22,240,81,192,152,223,209,774,4,10
3426,115,15,741,269,1624,244,225,106,979,3,40
2796,30,4,182,19,2308,218,231,149,2555,1,12
3282,328,20,840,206,1121,167,212,183,2210,3,33
2681,27,8,510,-30,677,217,222,141,1871,1,29
2721,145,10,495,-17,612,234,239,135,256,3,4
3031,64,13,255,80,834,232,212,110,774,1,29
3090,189,10,424,-38,6290,221,247,160,2717,1,20
3016,101,1,60,6,5199,221,237,152,2455,1,23
3130,207,13,90,7,2335,211,252,174,824,3,32
2865,93,10,85,17,1332,236,225,120,2366,3,31
2576,167,15,150,-7,2537,231,244,140,2185,3,2
2795,12,7,150,6,1655,213,226,150,1718,1,12
3016,152,11,339,59,4013,234,240,135,2512,1,29
2470,288,2,0,0,993,215,238,161,859,3,17
2561,124,3,268,24,1249,225,237,146,1318,3,2
2891,149,13,90,10,518,236,239,130,2437,1,22
2736,160,14,90,6,2442,234,242,135,2257,3,11
3200,145,11,467,98,404,236,238,131,4723,2,22
2427,94,26,180,81,433,250,191,53,892,3,4
3309,32,7,90,7,4426,219,224,142,3937,1,38
2795,19,18,272,8,2324,204,200,128,3602,1,12
2943,225,6,283,80,1739,212,246,171,2683,3,32
3130,93,15,277,34,5653,242,216,100,1048,1,29
2520,92,8,153,0,1080,233,228,128,4924,1,18
2678,225,22,0,0,2656,185,254,199,1019,3,4
3263,138,13,256,65,1637,240,235,122,1566,1,29
3184,316,15,421,120,2089,178,225,187,2160,3,33
2357,130,15,150,56,900,243,231,113,849,4,3
3312,288,22,228,36,5459,154,232,216,890,1,38
2983,41,21,90,-6,485,218,190,98,1182,1,29
3145,3,9,150,10,481,207,222,152,2397,2,23
2876,51,23,242,59,1559,224,185,84,2611,3,33
3106,198,12,67,-2,5274,216,250,167,1340,1,29
3221,15,3,342,30,3314,217,233,154,3673,1,23
2328,333,16,67,-11,484,181,217,175,858,4,10
3061,6,14,90,22,1302,201,212,146,2521,3,24
3146,86,20,192,-22,1100,245,202,78,1041,1,29
2626,8,13,182,37,1678,205,215,146,4402,1,29
2738,120,8,365,76,1681,234,234,132,1761,1,12
2909,293,2,30,0,2334,214,238,162,277,3,23
3276,8,7,108,1,1841,212,227,152,1390,3,38
2607,220,12,277,65,1772,206,251,180,1892,3,2
3428,330,9,509,59,4863,198,229,170,4245,3,38
3095,37,10,319,24,2611,220,219,133,2863,3,32
3146,332,15,201,23,3216,184,220,175,3114,1,29
3127,288,7,42,8,2321,201,240,178,2089,3,32
2851,160,6,30,2,3238,227,241,148,3237,1,23
2971,26,8,0,0,907,216,222,142,2165,1,29
2739,178,23,330,155,1681,223,246,143,1191,3,4
3167,271,30,228,37,4686,128,233,236,3287,1,29
3169,131,23,90,-1,1423,250,220,86,1315,1,29
2862,47,10,150,17,2342,224,219,129,1131,3,23
2659,212,12,67,10,1803,210,251,176,1006,3,11
2714,69,13,85,-14,1535,233,214,110,1036,1,29
2838,42,16,108,30,4123,220,202,112,1130,1,29
3149,117,4,467,70,5367,227,236,143,1691,1,29
2712,146,5,30,1,1189,227,239,146,2094,1,12
2559,111,24,484,-40,779,253,206,67,1179,3,2
2851,330,29,95,42,2630,141,192,184,1839,1,29
2528,151,6,108,4,598,228,240,145,390,1,23
3125,287,7,42,2,1337,200,240,179,1328,2,40
2595,203,15,323,60,1498,211,252,172,2054,3,4
2769,80,8,60,4,3035,231,225,127,5550,1,12
2753,51,21,175,56,1304,225,191,90,2223,1,12
3229,126,16,295,84,2465,245,227,105,3197,3,39
2919,72,5,518,16,4460,225,231,141,4559,1,23
3379,161,11,300,67,1452,232,243,141,2918,1,38
3016,82,16,268,90,1403,240,210,96,1575,3,32
3127,189,5,553,86,738,220,243,159,1790,3,33
2089,124,37,404,190,404,252,186,26,932,4,3
3231,18,15,926,105,2162,208,208,134,2225,3,38
2889,186,19,42,7,1020,220,250,156,1852,3,33
3078,77,15,30,8,1140,238,212,101,2249,1,29
3113,28,21,175,42,3403,207,189,110,1471,3,31
3277,59,23,703,103,1634,230,185,76,2424,2,33
2863,130,11,0,0,6296,239,234,123,4370,1,30
3066,226,15,182,5,1758,197,253,190,335,3,32
3105,110,12,190,27,85,240,227,115,3703,2,22
3350,358,16,553,195,3918,193,209,152,3608,3,40
3267,43,24,170,55,3684,217,181,88,2774,1,23
2661,139,9,0,0,3503,235,237,133,2114,3,20
2993,41,10,722,198,2941,222,217,130,997,3,34
2563,346,14,395,42,95,192,217,162,696,4,6
2984,56,3,42,1,2853,222,232,146,1784,1,29
2833,356,10,514,70,1958,204,223,156,1008,3,11
3001,358,12,108,23,300,201,217,154,731,1,22
2998,127,14,60,1,1430,243,230,112,1209,3,33
2635,170,7,424,116,1581,225,243,152,1841,3,2
3018,35,21,67,26,661,212,188,103,2467,1,29
3128,30,10,295,16,1892,217,217,135,892,3,31
3361,97,6,376,58,1781,230,231,135,3097,2,38
3005,137,16,366,159,5356,243,232,112,560,1,29
2912,331,8,60,5,3624,201,230,168,4920,1,29
3301,210,8,182,6,1242,214,248,169,1388,3,32
3157,177,8,591,71,272,224,245,154,2821,3,23
2952,287,11,242,70,2874,188,239,191,2324,1,29
3036,347,3,182,44,60,213,234,159,661,1,22
2791,30,16,150,3,1463,214,204,122,2259,3,33
2825,124,14,295,0,2789,243,229,111,2546,1,12
3407,3,18,604,59,4079,192,202,144,3543,3,39
3016,312,19,60,-9,780,167,223,195,1116,3,31
3082,279,16,360,-38,2044,176,241,204,1914,3,32
3144,187,23,390,94,3371,216,249,155,1006,3,33
2360,355,5,190,21,1361,211,230,157,366,4,6
3257,27,7,162,37,5978,218,225,144,518,1,22
2881,194,19,390,35,1590,214,252,165,815,3,13
3178,169,23,228,49,2491,230,242,130,3273,1,29
2737,78,21,153,6,175,242,198,77,1205,1,30
3185,173,6,598,13,4384,224,243,154,1879,1,23
2995,262,25,218,109,6189,149,243,227,4824,1,30
2865,0,13,60,16,2688,200,215,152,2123,1,23
3031,53,12,212,43,2192,227,214,119,2713,3,23
3165,136,14,42,13,3934,241,234,119,3181,1,30
3046,77,9,30,-9,2665,232,223,122,2018,3,31
3022,27,20,216,43,5115,207,192,114,2742,1,29
3319,300,13,42,9,3571,184,235,191,1698,3,32
2643,118,16,0,0,1740,245,225,104,268,3,10
2602,45,16,402,25,1365,223,204,111,4173,1,29
3042,144,6,108,16,4584,230,239,143,361,1,30
2750,100,9,95,12,457,236,227,122,2574,3,31
3047,7,10,323,25,2825,208,220,149,1302,3,32
3131,336,5,531,94,2053,209,233,162,886,3,13
2701,65,14,120,0,1454,233,210,106,2218,3,11
2866,66,13,362,75,2609,232,214,111,3170,1,12
3011,203,10,764,92,5823,215,249,168,3649,1,29
3079,358,16,930,210,2639,192,208,151,1744,3,24
2862,0,15,0,0,1622,196,210,150,2796,3,20
3170,143,14,949,11,3084,239,236,123,2707,3,33
3152,288,14,323,43,4770,180,238,198,3077,1,30
3152,323,14,190,25,3391,184,225,180,1650,3,31
3260,304,7,60,20,5430,201,237,175,295,1,38
3380,105,20,240,61,2347,249,211,81,983,3,40
2955,217,2,127,0,1302,217,241,161,285,3,32
2949,113,22,85,23,1592,251,211,77,1592,3,13
3025,350,9,124,23,3331,203,224,160,1822,1,29
3115,7,17,379,78,2614,198,205,142,1269,3,33
3071,205,22,153,50,3236,202,254,178,1253,3,33
3066,174,5,150,10,2809,223,242,155,589,3,23
3205,297,11,907,187,4213,190,237,186,2278,1,23
3141,213,15,426,70,268,205,253,180,624,3,32
2178,296,37,124,97,1376,93,200,233,918,4,10
2568,137,16,85,25,960,243,232,113,309,1,30
2955,168,12,258,39,5134,230,245,145,4447,1,30
2767,73,22,162,-30,150,239,193,73,866,1,30
3139,23,12,120,5,3056,212,214,136,937,3,32
3255,56,7,242,28,4314,225,225,134,2364,1,38
2986,351,19,361,50,642,182,204,157,1632,3,24
3378,262,7,418,56,3816,202,244,180,2148,3,38
3362,331,10,691,91,1224,197,228,170,1578,3,38
2795,155,7,324,22,2350,228,241,146,2701,1,12
2467,64,13,108,24,256,232,213,111,1849,4,6
3018,90,12,0,0,1040,238,221,112,1020,1,29
3019,2,5,351,0,4200,212,229,155,1337,1,29
3152,126,8,371,52,5470,234,235,132,430,1,20
2911,266,15,85,-1,5037,181,245,203,1556,1,29
2986,94,4,297,61,1699,225,234,144,2623,3,32
3029,122,10,234,7,3495,238,232,124,95,1,29
3057,54,8,190,49,3978,225,223,131,2641,1,29
2413,75,27,124,26,725,241,178,50,741,4,1
2961,315,17,85,22,2280,172,223,191,2242,3,23
3351,315,5,607,162,789,207,236,167,560,2,33
3125,171,12,42,5,1284,228,245,147,2054,1,23
2927,316,16,108,31,3403,175,224,189,1578,1,29
2688,79,9,331,2,1034,232,224,124,1924,1,29
3075,29,14,418,13,2490,214,208,127,1195,3,23
2675,335,23,85,20,1597,163,203,176,1380,3,24
2929,54,8,582,128,4519,225,223,131,5287,1,12
3011,46,15,30,10,2037,224,206,113,2996,3,23
2979,48,14,170,12,4664,224,208,115,1842,1,19
3228,315,8,492,37,3241,199,234,174,3421,1,30
2939,85,16,268,-19,402,241,211,96,400,1,29
3187,180,14,210,46,2569,225,248,153,1048,3,32
3358,146,9,285,29,849,232,239,139,4156,2,32
2517,7,17,283,67,983,198,205,142,424,4,6
2962,37,9,67,0,2471,220,220,135,1959,3,22
3170,290,5,360,-27,212,206,239,172,1530,2,23
2631,67,10,228,53,1224,231,219,120,890,1,29
3095,79,10,150,7,5142,233,223,121,895,1,29
3212,186,9,192,10,2380,222,247,159,1486,3,23
2826,149,11,90,10,2047,235,239,134,2338,3,26
2787,110,13,67,7,379,242,226,111,2535,3,11
2964,15,30,524,-61,618,177,162,107,1142,3,24
3148,285,13,30,10,2440,184,240,195,1031,3,23
2790,161,20,134,55,1290,235,240,126,1566,3,4
3424,108,28,631,190,2014,254,194,48,1832,1,40
2541,100,4,124,0,558,227,234,142,1063,1,9
3298,189,18,457,66,4422,217,251,160,2387,3,33
3102,96,21,30,1,2847,248,205,75,3861,1,22
3432,163,5,85,10,1221,225,241,151,1075,2,40
2758,342,4,240,19,1368,212,234,160,2320,1,12
3080,45,5,67,2,3427,222,228,142,1260,1,29
3449,163,10,524,-3,1476,230,243,145,3827,2,35
3169,21,6,60,0,2191,216,227,148,2868,1,23
2941,42,12,190,-7,2060,222,214,126,301,3,32
3195,279,18,400,87,5822,169,240,209,2947,1,29
3140,357,15,778,270,778,195,211,153,1747,1,29
3104,355,10,42,4,3624,203,222,157,3060,3,22
2975,185,6,60,3,4319,221,244,158,2160,1,29
2821,6,25,108,36,1146,180,183,132,1812,3,24
3033,90,8,339,82,5370,232,228,129,661,1,30
3148,162,11,90,3,1041,231,243,143,2087,2,23
3240,138,19,371,-4,979,246,229,103,2664,1,22
3311,214,7,510,109,911,213,247,170,849,3,32
2689,98,17,192,16,1180,246,213,90,3453,1,12
3245,144,15,391,21,1347,240,236,122,2423,1,29
2320,189,19,376,26,1249,217,251,159,842,4,2
2958,310,14,258,31,1872,180,230,189,1806,3,32
3434,109,12,543,149,2139,241,226,113,1480,1,40
2250,349,28,255,47,674,158,182,155,926,4,10
2236,271,35,108,26,782,109,226,243,703,4,10
2801,138,13,228,58,3114,239,235,123,2820,1,12
2739,16,12,175,25,2142,209,214,141,3936,1,12
2945,0,0,150,24,3922,218,238,156,4834,1,12
2826,39,15,67,4,2955,219,207,119,4458,1,29
2663,2,19,30,7,1613,191,201,145,1924,3,10
3434,236,18,459,-18,1677,185,253,202,3719,2,33
3058,323,9,90,8,4676,197,231,173,969,1,29
2850,321,20,30,13,5550,164,216,189,4696,1,24
3279,0,7,120,0,1138,210,228,155,2382,1,38
2994,74,19,95,25,698,239,201,85,594,1,29
2863,27,16,362,71,4440,212,204,125,5224,1,29
3094,20,15,342,22,966,208,208,134,1495,3,22
2538,261,17,277,111,1201,177,247,207,612,4,6
3259,348,14,404,83,4621,192,216,161,849,3,32
3028,64,19,624,201,1353,234,197,88,685,1,29
3003,111,8,0,0,2313,234,231,129,4070,1,23
3096,172,19,960,78,3116,229,245,139,2411,3,33
3003,96,15,395,63,1638,243,217,100,866,3,32
2879,321,15,420,128,659,182,224,182,2245,1,24
2036,113,6,0,0,644,231,234,136,661,4,17
2752,82,12,339,-2,960,237,219,111,2496,1,29
2636,125,15,134,8,706,244,228,110,1884,1,30
2968,32,14,216,32,5057,216,208,125,3007,1,29
3077,155,10,60,0,6900,231,241,141,2691,1,29
3220,127,22,424,142,376,250,220,86,2761,2,25
2989,177,5,362,69,424,222,243,155,1503,3,32
3105,336,16,90,11,2623,184,217,172,618,3,23
3165,76,6,458,23,3084,228,229,136,4707,1,20
3302,311,15,90,34,5482,179,229,189,721,1,38
3201,188,27,256,77,2791,211,248,153,1003,3,33
3240,198,15,384,40,3173,214,252,168,430,3,22
2881,211,15,180,47,1680,206,253,179,1332,3,13
2676,133,9,120,15,2026,234,236,133,1611,1,30
3163,333,8,300,-14,1062,201,229,168,807,2,24
3127,10,5,85,3,1485,214,229,152,1182,2,23
2876,319,9,108,-4,1727,198,232,174,1443,3,32
2989,84,9,192,23,1485,233,225,125,1992,1,22
3170,193,9,192,32,3227,220,247,162,1339,3,32
2865,9,19,192,42,2220,195,198,136,1663,3,33
3050,212,6,576,190,6516,215,246,167,3778,1,29
3008,51,12,430,69,6223,226,214,120,3867,1,24
2709,104,6,457,23,1154,230,233,136,2012,1,29
3456,227,11,934,188,3561,205,250,181,484,3,38
3032,324,11,175,13,4921,193,229,175,2708,1,23
3018,158,11,757,109,5670,232,242,140,3123,1,29
3295,342,9,335,77,3330,202,227,164,2001,1,29
3024,68,3,618,105,5155,222,234,148,5913,1,12
2835,68,24,85,7,3309,236,184,66,5032,1,29
3166,71,24,272,75,5246,238,186,65,1383,1,29
3224,352,7,30,2,4604,208,228,158,376,1,38
3191,175,16,60,12,1020,227,247,146,2605,1,22
2329,62,20,319,90,382,233,195,86,828,4,3
3039,135,2,30,-1,990,222,238,151,1518,3,23
2853,101,19,446,63,511,248,211,83,636,3,33
2344,10,31,212,74,721,170,162,115,633,4,10
3275,101,14,258,28,1570,243,220,104,2116,3,32
2896,23,7,268,39,4119,216,225,145,5874,1,12
2623,175,25,180,0,1431,224,243,135,940,3,4
3231,136,13,295,42,3152,240,234,121,1124,3,32
2792,53,12,67,11,1316,227,215,120,1177,3,11
3179,195,7,255,0,4531,219,246,162,1124,3,23
3175,273,21,858,111,3515,160,241,217,2188,3,31
3217,289,32,170,-31,3252,117,218,232,2138,1,29
3218,288,11,228,38,485,189,239,190,942,2,23
3165,230,8,577,57,5473,208,247,176,1231,1,29
3159,286,13,108,35,2616,183,239,196,858,3,32
3002,0,8,408,70,3275,209,226,155,967,3,31
2968,90,17,541,55,4535,244,210,90,3022,1,29
3230,50,23,242,75,1507,223,183,81,2304,3,33
2807,338,15,30,7,947,185,217,170,2138,3,24
3102,29,9,751,48,2285,217,221,139,2334,3,32
3158,270,9,324,41,900,198,243,185,1256,3,23
3165,302,6,30,3,1234,204,237,173,277,3,21
3013,84,5,124,-6,4216,227,231,139,1150,1,29
2442,352,22,216,92,890,177,197,154,607,4,10
3004,45,2,752,78,5318,220,234,151,6052,1,29
3242,262,5,849,169,1672,207,242,173,691,3,24
3168,92,17,277,23,1418,244,212,91,1699,3,13
2956,292,9,150,29,1691,196,239,183,1371,3,33
3052,16,17,840,183,2550,202,202,132,1740,3,24
3094,252,5,175,22,2287,208,244,173,2173,3,32
2719,105,13,124,-9,1655,242,223,109,1570,3,11
2847,122,4,216,10,3770,228,236,143,6157,1,20
3040,89,17,150,28,3354,243,211,91,700,3,33
3264,78,10,732,43,3675,234,221,118,2954,1,40
2677,248,14,175,35,854,189,250,198,1489,1,30
3175,169,6,301,34,319,225,243,152,2912,3,31
3178,270,9,153,30,470,198,243,185,765,2,32
3307,213,12,85,18,2574,209,251,176,547,3,38
2481,226,25,450,73,395,177,254,204,1073,3,4
3271,260,9,365,45,5577,197,245,187,1484,1,22
3010,107,11,270,43,4847,239,226,116,1638,1,29
3274,173,16,60,14,4418,228,246,145,2295,1,38
3381,101,16,342,59,2006,245,217,97,3309,1,40
3180,143,20,0,0,2271,244,231,107,3278,1,29
2873,110,23,180,46,659,252,208,72,1256,3,13
3326,80,10,450,75,870,234,223,120,1243,3,39
3415,319,11,510,46,2016,192,230,178,648,3,38
2988,180,12,631,79,6134,224,247,154,5505,1,29
3226,51,3,240,5,5727,221,232,147,1830,1,22
2884,178,8,404,127,2168,224,245,155,684,3,31
3042,23,4,192,9,1480,218,231,151,2737,1,29
2985,30,19,404,154,1976,211,194,113,2795,3,33
3055,0,3,180,10,3416,215,233,156,1572,1,23
3039,315,1,306,0,3305,216,237,159,960,3,32
3270,348,14,433,70,3768,193,216,161,3906,1,38
2864,74,7,285,44,2145,229,227,132,2881,1,30
3274,64,9,323,96,1031,229,221,125,1749,1,22
2824,88,6,30,3,1142,229,230,135,1804,1,29
3214,202,8,612,105,516,217,247,165,2912,3,31
3035,119,10,0,0,1140,237,232,125,2932,3,23
2924,341,18,228,-51,1205,179,210,168,592,3,33
3322,285,7,30,6,3666,202,240,178,1814,3,32
3145,353,18,124,32,3833,187,207,156,3303,3,24
2207,260,41,240,123,1290,94,224,248,594,4,1
2750,105,11,60,0,1294,240,226,115,1493,1,23
3015,344,16,108,29,180,187,214,165,1381,3,31
2629,0,0,150,37,1804,218,238,156,957,3,3
2889,134,15,30,-2,3169,243,231,113,1215,3,13
2642,283,12,60,17,1498,186,240,194,751,3,33
3081,67,15,90,9,5301,234,208,102,2846,1,22
3081,306,6,450,27,2603,202,236,174,1976,3,32
3220,185,17,242,27,711,221,250,156,1142,1,22
3035,293,14,190,49,2589,181,236,195,914,1,29
3260,42,19,589,189,3603,219,195,104,1895,3,31
3166,58,14,95,7,1871,230,209,109,4420,2,22
2768,315,18,85,21,2206,171,223,191,658,3,31
2748,145,8,216,25,2506,231,239,141,1783,1,12
3359,112,9,525,74,1771,235,231,127,1935,1,38
2990,148,12,212,35,4863,236,239,131,1436,1,29
3338,45,16,212,98,5040,223,203,110,124,1,29
2721,80,10,404,72,2430,234,223,120,2200,3,10
3007,353,23,192,26,95,174,194,153,1291,3,24
2795,62,18,60,-6,1978,232,201,94,1445,3,33
2821,95,13,170,20,552,240,220,108,2647,3,11
2811,313,9,277,130,1158,196,233,177,484,3,32
2274,193,20,60,20,1064,214,252,164,379,4,1
3185,65,13,700,13,4250,232,214,112,1991,1,23
3121,10,7,323,42,5121,213,226,151,1120,1,29
2805,198,1,175,41,1727,218,239,157,1249,3,13
2952,13,4,277,56,3203,215,231,152,1910,1,29
3116,101,13,480,-32,6018,242,222,108,1385,1,29
3014,90,12,120,39,3246,239,220,110,6106,1,29
3249,64,25,592,25,953,233,181,66,2010,1,39
2926,271,26,90,40,6124,141,237,229,4821,1,24
3059,166,7,0,0,2821,226,243,150,1168,3,23
3042,255,11,67,12,3000,195,247,190,1116,3,33
