{
  "feature_names": [
    "tenure",
    "MonthlyCharges",
    "TotalCharges",
    "gender___Female",
    "gender___Male",
    "SeniorCitizen___0",
    "SeniorCitizen___1",
    "Partner___No",
    "Partner___Yes",
    "Dependents___No",
    "Dependents___Yes",
    "PhoneService___No",
    "PhoneService___Yes",
    "MultipleLines___No",
    "MultipleLines___No phone service",
    "MultipleLines___Yes",
    "InternetService___DSL",
    "InternetService___Fiber optic",
    "InternetService___No",
    "OnlineSecurity___No",
    "OnlineSecurity___No internet service",
    "OnlineSecurity___Yes",
    "OnlineBackup___No",
    "OnlineBackup___No internet service",
    "OnlineBackup___Yes",
    "DeviceProtection___No",
    "DeviceProtection___No internet service",
    "DeviceProtection___Yes",
    "TechSupport___No",
    "TechSupport___No internet service",
    "TechSupport___Yes",
    "StreamingTV___No",
    "StreamingTV___No internet service",
    "StreamingTV___Yes",
    "StreamingMovies___No",
    "StreamingMovies___No internet service",
    "StreamingMovies___Yes",
    "PaperlessBilling___No",
    "PaperlessBilling___Yes",
    "PaymentMethod___Bank transfer (automatic)",
    "PaymentMethod___Credit card (automatic)",
    "PaymentMethod___Electronic check",
    "PaymentMethod___Mailed check",
    "Contract"
  ],
  "target": "Churn",
  "cols_num": [
    "tenure",
    "MonthlyCharges",
    "TotalCharges"
  ],
  "cols_cat": [
    "gender",
    "SeniorCitizen",
    "Partner",
    "Dependents",
    "PhoneService",
    "MultipleLines",
    "InternetService",
    "OnlineSecurity",
    "OnlineBackup",
    "DeviceProtection",
    "TechSupport",
    "StreamingTV",
    "StreamingMovies",
    "PaperlessBilling",
    "PaymentMethod",
    "Contract"
  ],
  "cols_onehot": [
    "gender",
    "SeniorCitizen",
    "Partner",
    "Dependents",
    "PhoneService",
    "MultipleLines",
    "InternetService",
    "OnlineSecurity",
    "OnlineBackup",
    "DeviceProtection",
    "TechSupport",
    "StreamingTV",
    "StreamingMovies",
    "PaperlessBilling",
    "PaymentMethod"
  ],
  "cols_ordinal": [
    "Contract"
  ],
  "cat_out_cols": [
    "gender___Female",
    "gender___Male",
    "SeniorCitizen___0",
    "SeniorCitizen___1",
    "Partner___No",
    "Partner___Yes",
    "Dependents___No",
    "Dependents___Yes",
    "PhoneService___No",
    "PhoneService___Yes",
    "MultipleLines___No",
    "MultipleLines___No phone service",
    "MultipleLines___Yes",
    "InternetService___DSL",
    "InternetService___Fiber optic",
    "InternetService___No",
    "OnlineSecurity___No",
    "OnlineSecurity___No internet service",
    "OnlineSecurity___Yes",
    "OnlineBackup___No",
    "OnlineBackup___No internet service",
    "OnlineBackup___Yes",
    "DeviceProtection___No",
    "DeviceProtection___No internet service",
    "DeviceProtection___Yes",
    "TechSupport___No",
    "TechSupport___No internet service",
    "TechSupport___Yes",
    "StreamingTV___No",
    "StreamingTV___No internet service",
    "StreamingTV___Yes",
    "StreamingMovies___No",
    "StreamingMovies___No internet service",
    "StreamingMovies___Yes",
    "PaperlessBilling___No",
    "PaperlessBilling___Yes",
    "PaymentMethod___Bank transfer (automatic)",
    "PaymentMethod___Credit card (automatic)",
    "PaymentMethod___Electronic check",
    "PaymentMethod___Mailed check",
    "Contract"
  ]
}