{
  "cols_num": [
    "displacement",
    "horsepower",
    "weight",
    "acceleration",
    "model_year",
    "cylinders"
  ],
  "cols_cat": [
    "origin"
  ],
  "cols_onehot": [
    "origin"
  ],
  "cols_ordinal": [],
  "cat_out_cols": [
    "origin___europe",
    "origin___japan",
    "origin___usa"
  ],
  "feature_names": [
    "displacement",
    "horsepower",
    "weight",
    "acceleration",
    "model_year",
    "cylinders",
    "origin___europe",
    "origin___japan",
    "origin___usa"
  ],
  "target": "mpg"
}